{"cameraMode":{"drawMode":0,"name":"Shaded","section":"Shading Mode"},"sceneLighting":true,"audioPlay":false,"sceneViewState":{"m_AlwaysRefresh":false,"showFog":true,"showSkybox":true,"showFlares":true,"showImageEffects":true,"showParticleSystems":true,"showVisualEffectGraphs":true,"m_FxEnabled":true},"in2DMode":false,"pivot":{"x":95.26923370361328,"y":65.88809967041016,"z":183.01182556152345},"rotation":{"x":0.1286381185054779,"y":-0.004464428871870041,"z":0.0005954828811809421,"w":0.9916458129882813},"size":305.69677734375,"orthographic":true}